author_id,author_fn,author_ln,book_count
1,Ruperta,Tomich,5.0
2,Welbie,Stirrup,1.0
3,Kiley,Arkcoll,3.0
4,Cariotta,Cocker,1.0
5,Edvard,Pashley,2.0
6,Cherri,Wooffinden,2.0
7,Gillie,Tuckwood,4.0
8,Claire,Castellaccio,5.0
9,Jaime,Lyddyard,7.0
10,Shauna,Stannus,5.0
11,Tracy,McGougan,4.0
12,Blaine,Dadson,3.0
13,Edgardo,O'Scollain,5.0
14,Nikoletta,Troppmann,4.0
15,Cynthy,Obert,1.0
16,Robena,Ripon,2.0
17,Terence,McGann,7.0
18,Alexandro,Wymer,3.0
19,Isac,Boik,3.0
20,Madlin,Andraud,2.0
21,Rickie,Jansey,4.0
22,Jeddy,Tatton,2.0
23,Gifford,Dudhill,3.0
24,Antonio,Mum,3.0
25,Murvyn,Cannings,6.0
26,Penny,Treby,3.0
27,Tripp,Rallinshaw,3.0
28,Edithe,Ternouth,1.0
29,Lynnell,McVicar,6.0
30,Mark,Stanex,5.0
31,Lancelot,Andreasen,4.0
32,Rupert,Petrosian,6.0
33,Ania,Rantoull,2.0
34,Frederik,Colquhoun,5.0
35,Keri,Oakly,2.0
36,Dag,Saunper,3.0
37,Gregor,Gouldie,2.0
38,Rey,Please,3.0
39,Fredrika,Lunck,3.0
40,Lesya,Balchen,3.0
41,Alikee,Abbess,4.0
42,Hew,Goadsby,1.0
43,Marlene,Chaffey,3.0
44,Romona,Delle,3.0
45,Bobbie,Grundell,5.0
46,Mehetabel,Shann,3.0
47,Donnie,Niaves,2.0
48,Christina,Beazey,2.0
49,Welby,Shelp,2.0
50,Zonda,Sowten,2.0
51,Celie,Kitchen,4.0
52,Bernadene,Littlemore,4.0
53,Kellina,Learmount,3.0
54,Tawsha,Boniface,6.0
55,Vivianne,Richfield,3.0
56,Yard,Atwill,4.0
57,Bent,Lythgoe,3.0
58,Marcie,Lawles,2.0
59,Kay,Douty,3.0
60,Pooh,Bosward,3.0
61,Tim,Harcarse,4.0
62,Freeland,Blackbrough,3.0
63,Simmonds,Woolliams,1.0
64,Uriel,Terzza,3.0
65,Matthiew,Romaines,3.0
66,Franzen,Handrick,2.0
67,Albertina,Doerrling,5.0
68,Tomas,Foucar,5.0
69,Brandy,Farrimond,5.0
70,Nikoletta,Cobbledick,4.0
71,Robbie,Rigney,4.0
72,Vernon,Ashbee,3.0
73,Fidela,Barrington,3.0
74,Concordia,Yitshak,5.0
75,Kari,Whiting,2.0
76,Brooke,Scoullar,4.0
77,Lonny,Saville,4.0
78,Lauren,Brunger,2.0
79,Damiano,Bedells,5.0
80,Mitchel,Morin,4.0
81,Pansie,Fullagar,2.0
82,Aimee,Hallybone,2.0
83,Ilyse,Veldman,4.0
84,Manfred,Scutts,2.0
85,Phyllida,North,5.0
86,Jarib,Blakeway,1.0
87,Talyah,Marjoribanks,4.0
88,Napoleon,Chaster,3.0
89,Kerwin,Merigeau,2.0
90,Isidoro,Folling,4.0
91,Giffer,Rhucroft,2.0
92,Shanan,Lymbourne,6.0
93,Nathanael,Blackall,3.0
94,Osbourn,Lempertz,4.0
95,Evania,Atwater,2.0
96,Bobbye,Mussett,9.0
97,Carita,Rishman,2.0
98,Dallas,Kubach,7.0
99,Kenn,Malinowski,7.0
100,Chas,Burgin,2.0
101,Corine,Buy,
102,Bancroft,Shildrick,
103,Ursula,Butchers,
104,Jessa,Semonin,
105,Angelika,Collete,
106,Erena,Duxbury,
107,Electra,Berends,
108,Lucio,Japp,
109,Georgy,Melliard,
110,Annora,Tilzey,
111,Jeramey,Paulo,
112,Paton,Stienham,
113,Hetti,Allso,
114,Sherlock,Pittel,
115,Rawley,Claque,
116,Briano,Hancke,
117,Glen,Filewood,
118,Dulcinea,Edmeads,
119,Yorgos,Bettam,
120,Tonia,Fanthome,
121,Jorgan,Clack,
122,Fiann,Bratty,
123,Buddy,Rutherforth,
124,Joannes,Trevaskiss,
125,Carroll,Shaughnessy,
126,Shela,Douberday,
127,Tiebold,Teulier,
128,Otho,Fleeman,
129,Debra,Rosenblatt,
130,Jeanine,Baggot,
131,Emmalee,Titcumb,
132,Brigg,Avis,
133,Milicent,Kall,
134,Noll,Lewty,
135,Duffie,Swetland,
136,Germain,Badrick,
137,Parsifal,Kenwood,
138,Rolland,McNabb,
139,Rance,Hathway,
140,Cad,Cleife,
141,Horatius,Loggie,
142,Bear,Ayerst,
143,Petey,Corbie,
144,Jozef,Buxsey,
145,Adolphus,Milligan,
146,Silvia,Gallaher,
147,Kenneth,Brasier,
148,Johnna,Shadrack,
149,Vanessa,Tomovic,
150,Yves,Speere,
151,Kellen,Pilkington,
152,Isaiah,Sabbins,
153,Wallis,Tomik,
154,Donavon,Magee,
155,Merle,Devo,
156,Lonny,Lowder,
157,Lelah,Eddleston,
158,Nolan,Eckart,
159,Bennie,Lockart,
160,Prinz,Semorad,
161,Rodge,Lampitt,
162,Zachery,Baltrushaitis,
163,Theodora,Sambell,
164,Arnuad,Moorhead,
165,Traci,Newbury,
166,Brannon,Bourdis,
167,Raffarty,Phebee,
168,Bess,Camamill,
169,Keefe,Ballantine,
170,Conrade,Fuggles,
171,Brittne,Trainor,
172,Didi,Launchbury,
173,Jerrine,Talman,
174,Conroy,Candey,
175,Leonhard,Brownlie,
176,Denny,Kernocke,
177,Felice,McCurtin,
178,Biron,Emmett,
179,Johnnie,Sitlinton,
180,Nicoline,Andreichik,
181,Klaus,Spall,
182,Eolande,Britton,
183,Ermanno,Kepling,
184,Tabbi,Middlebrook,
185,Ernaline,Haw,
186,Loren,Cridge,
187,Garold,Elward,
188,Chrisse,Ealles,
189,Doti,Pharro,
190,Debby,Gillmore,
191,Thalia,Luckcock,
192,Shauna,Naulty,
193,Rosabelle,Normanell,
194,Audrye,Scrase,
195,Goddard,Steanyng,
196,Kacie,Bestiman,
197,Gayla,Farreil,
198,Rivkah,Sherland,
199,Emmey,Taylo,
200,Harwell,Goodnow,
201,Shelagh,Signorelli,
202,Ruben,Penhallurick,
203,Huberto,Maren,
204,Aridatha,Painter,
205,Filberto,Sprott,
206,Jazmin,Charette,
207,Maggee,Lievesley,
208,Rosmunda,Clears,
209,Suzy,Bernhart,
210,Olivier,Milne,
211,Marylynne,Vobes,
212,Shaw,Dinsell,
213,Neely,Seligson,
214,Taffy,Broggelli,
215,Raf,Miranda,
216,Martino,Spear,
217,Tallou,Fursey,
218,Perle,Tuxsell,
219,Pernell,De Giorgis,
220,Lishe,McKaile,
221,Rosalia,Buard,
222,Hendrik,Stiddard,
223,Munroe,Phizackerly,
224,Norbie,Yandle,
225,Lani,Cogar,
226,Garrott,Penhalurick,
227,Kariotta,Pelman,
228,Rachel,Howland,
229,Averill,Wordington,
230,Nike,Slatter,
231,Leicester,Doorly,
232,Cally,Dailey,
233,Laney,Calcott,
234,Neall,Dunkerley,
235,Quincy,Peres,
236,Claretta,Perello,
237,Emelia,Barta,
238,Kanya,Brenston,
239,Jock,Divine,
240,Hewe,Pindar,
241,Marlane,Hesser,
242,Othilia,Rougier,
243,Lacey,Dewicke,
244,Janeen,Szanto,
245,Celia,Baterip,
246,Cheri,Hindenberger,
247,Rossy,Brunskill,
248,Kori,Kingswell,
249,Harlie,Mulvaney,
250,Jaime,Seale,
251,Piper,Conen,
252,Dorthy,Rue,
253,Misti,Di Bartolommeo,
254,Lindsey,Edgar,
255,Gusella,McCarney,
256,Elyse,Murgatroyd,
257,Rab,Snooks,
258,Holly,Tatlow,
259,Wang,Baile,
260,Midge,Brimilcombe,
261,Bernetta,Bettaney,
262,Leroy,Teideman,
263,Obie,Sherebrooke,
264,Whitney,Burner,
265,Carney,Linge,
266,Paxon,Fillgate,
267,Adda,Lantuffe,
268,Olly,Roistone,
269,Gerrard,Rosenwald,
270,Beau,Baccus,
271,Merrie,Ivanchikov,
272,Shawna,Staddon,
273,Jeniece,Bettam,
274,Maurizio,Valeri,
275,Dorelle,Roscoe,
276,Sheridan,Flanne,
277,Russell,Oliveras,
278,Gerrie,Sheddan,
279,Judas,Colliber,
280,Aloysia,Dodds,
281,Tanitansy,Pughe,
282,Diandra,Kernes,
283,Rebbecca,Ioselev,
284,Colette,Pendrey,
285,Giffy,Lieber,
286,Izabel,Ciobotaru,
287,Vanna,Starmont,
288,Julianne,Blount,
289,Larina,Trouel,
290,Karlan,Rothera,
291,Dannie,Harmar,
292,Lefty,Slott,
293,Jacob,Wrate,
294,Holden,Carsey,
295,Dorrie,Gauld,
296,Marina,Berthomieu,
297,Tuesday,Easeman,
298,Berty,Steinhammer,
299,Kally,Harman,
300,Felic,Lowry,
301,Robinet,Gregorace,
302,Stacey,Elsey,
303,Anitra,Walch,
304,Jobina,Antoni,
305,Raymond,Coy,
306,Vassili,Eriksson,
307,Herminia,Vinter,
308,Adan,McKenney,
309,Currie,Gerardi,
310,Jayme,Awde,
311,Poul,Vigrass,
312,Renado,Hale,
313,Corissa,Chenery,
314,Teddy,Bosley,
315,Scotti,Rawnsley,
316,Ezra,Neylan,
317,Zane,Braunter,
318,Florina,Mallows,
319,Geno,Ceyssen,
320,Lazare,Bodega,
321,Bryce,Gehricke,
322,Jodee,Keslake,
323,Dav,Nel,
324,Gardener,Bonnavant,
325,Amandie,Batchan,
326,Craggy,Turnbull,
327,Olympia,Cattroll,
328,Dagny,Landells,
329,Maurise,Folker,
330,Lorita,Preator,
331,Cullin,Hempshall,
332,Zora,Cabena,
333,Courtnay,Grzelak,
334,Marika,Brownsea,
335,Garrard,Luter,
336,Stacee,Cassimer,
337,Keslie,Jeremaes,
338,Sidnee,Wrathmell,
339,Percival,Ianilli,
340,Rafi,Grieg,
341,Tisha,Bullers,
342,Delaney,Muncie,
343,Violetta,Gellan,
344,Flem,Rathke,
345,Eunice,Grigson,
346,Bryn,Malin,
347,Ellery,Tristram,
348,Shaina,Prator,
349,Barrett,Ceaplen,
350,Caryl,Leftly,
351,Allister,Heining,
352,Ardyth,Trenoweth,
353,Henryetta,Jelleman,
354,Bobinette,Cicci,
355,Charlena,Jansie,
356,Randie,Beckinsale,
357,Jordon,Scarisbrick,
358,Amii,Heijne,
359,Marleah,Millberg,
360,Chen,Jaye,
361,Jeane,Priditt,
362,Lelia,Landreth,
363,Tull,Marcinkus,
364,Maxie,McPolin,
365,Rab,Skala,
366,Hogan,Shawley,
367,Regine,Doget,
368,Doug,Carter,
369,Michal,Fritschmann,
370,Carmelita,Tunnoch,
371,Derrek,Hallowell,
372,Deina,Howlett,
373,Claudine,De Roos,
374,Reider,Raye,
375,Gypsy,Bruck,
376,Bernie,Dominiak,
377,Monika,Henric,
378,Wynn,Andrick,
379,Anstice,Threadgill,
380,Kenny,Bisterfeld,
381,Rafi,Obington,
382,Bealle,Ashtonhurst,
383,Ardelis,Ashwood,
384,Eduino,Kopelman,
385,Constantine,Hammerman,
386,Tammy,Ivatts,
387,Beth,Tallet,
388,Eddie,MacGillicuddy,
389,Ethyl,Canas,
390,North,McLise,
391,Joseph,Werndly,
392,Ellie,Peacocke,
393,Itch,Croutear,
394,Kellen,Carville,
395,Meridith,Spiring,
396,Gayler,Ropp,
397,Arnold,Bladge,
398,Konstance,Easton,
399,Katharyn,Ofer,
400,Cristin,Davie,
401,Ryley,Cudiff,
402,Jaine,Huscroft,
403,Hughie,Acome,
404,Selie,Ellis,
405,Clotilda,Wrefford,
406,Veronica,Earengey,
407,Antonie,Tuff,
408,Kristi,Inmett,
409,Pete,Goodlett,
410,Parnell,Rolph,
411,Amelia,Elstob,
412,Sander,Robeiro,
413,Jaine,Bownass,
414,Lynnette,Scawen,
415,Lorine,Creedland,
416,Jacky,Yarnley,
417,William,Baudinelli,
418,Carita,Kowal,
419,Rickey,Spincke,
420,Mikey,Greedy,
421,Desdemona,Kynan,
422,Fanya,de Keyser,
423,Brock,Toffalo,
424,Major,Leynagh,
425,Finlay,Jennaroy,
426,Cecil,Fazan,
427,Clarie,Bodimeade,
428,Tybalt,Shearston,
429,Dalis,Haggish,
430,Johnath,Minigo,
431,Petra,Thornton-Dewhirst,
432,Kial,Sallan,
433,Curran,Wingar,
434,Blithe,Escot,
435,Ursuline,Castanie,
436,Amory,Ornils,
437,Denni,Kennifeck,
438,Talbert,Langforth,
439,Rollin,Wreath,
440,Ahmed,Scotti,
441,Iseabal,Perocci,
442,Archaimbaud,Connors,
443,Carmelle,Tym,
444,Daphne,Trevor,
445,Germain,Agron,
446,Esmaria,Nann,
447,Jarrod,Peyntue,
448,Klara,Duckwith,
449,Hertha,Sarjant,
450,Mason,Buttress,
451,Giusto,Courage,
452,Roselia,Duffy,
453,Berna,Burch,
454,Lyssa,Purvis,
455,Vince,Sidgwick,
456,Starr,McIlvenna,
457,Blinny,McKeurtan,
458,Anallese,Peacocke,
459,Maxim,Baddow,
460,Ashlie,Fechnie,
461,Neils,Reah,
462,Crista,Killingback,
463,Dalton,Whightman,
464,Sydney,Benninck,
465,Jesus,Wilder,
466,Jolee,Kember,
467,Lothario,McCullogh,
468,Baron,McMychem,
469,Lois,Winter,
470,Basil,Licciardiello,
471,Gilli,Tibols,
472,Niki,Pedgrift,
473,Karen,Pyrke,
474,Merlina,Karpov,
475,Harlin,MacScherie,
476,Andreana,Staden,
477,Fran,Body,
478,Byrle,Monson,
479,Trudy,Kingsland,
480,Christie,Emberton,
481,Brittni,Degoy,
482,Kingston,Sheward,
483,Christoper,Collomosse,
484,Yancy,Smeuin,
485,Merrile,Popplewell,
486,Leola,Scriver,
487,Jorie,Crippell,
488,Gilbertine,Samet,
489,Mercy,Wenderoth,
490,Rog,Rodmell,
491,Eleonore,Congdon,
492,Winni,Jeskins,
493,Farand,Charman,
494,Anne-marie,Cardinale,
495,Dee,Entreis,
496,Sharyl,Wayt,
497,Milton,Alastair,
498,Austin,Akaster,
499,Chelsie,Chicchelli,
500,Lenka,Procter,
501,Brandy,Arsey,
502,Elsey,O' Quirk,
503,Amalia,Fentem,
504,Abigale,Hesser,
505,Valenka,Collinson,
506,Gothart,Heighton,
507,Garrett,Lamputt,
508,Enos,Skeemor,
509,Ruthy,Ribbon,
510,Benedikta,Hancke,
511,Gualterio,Dukesbury,
512,Malynda,Kenwrick,
513,Piper,Ughelli,
514,Piotr,Fackney,
515,Padraig,Breadmore,
516,Kaylyn,Escala,
517,Verge,Zaniolini,
518,Adolf,Moens,
519,Wilma,Hartley,
520,Nona,Shires,
521,Elora,Westmoreland,
522,Rufe,Van Arsdall,
523,Rosalind,Nutkins,
524,Callida,Tolhurst,
525,Donna,Foston,
526,Tadio,Sazio,
527,Agustin,Doge,
528,Samara,Dietz,
529,Betsey,Bellchamber,
530,Raimund,McAleese,
531,Ilysa,Gocke,
532,Hervey,Diamond,
533,Giordano,Dyas,
534,Shanta,Swan,
535,Darin,Kornilov,
536,Benedicto,Dilnot,
537,Zebedee,Kestell,
538,Marijn,Oxtarby,
539,Mycah,Fareweather,
540,Gabriel,Donativo,
541,Georgetta,Giovannilli,
542,Boonie,Madgwich,
543,Lowrance,Slimings,
544,Kaitlin,Wernham,
545,Carey,Kirkham,
546,Brandais,Eveling,
547,Ariel,Churching,
548,Creigh,Tapley,
549,Jerrilyn,Curson,
550,Joleen,Brims,
551,Daune,Riggott,
552,Gaven,Hannabus,
553,Drucy,Kennler,
554,Rolando,Burrett,
555,Leisha,Reilinger,
556,Gregorio,Esser,
557,Christabella,Faughnan,
558,Melita,Korfmann,
559,Ingemar,Defond,
560,Barty,Gallo,
561,Beryl,Togwell,
562,Minerva,Murkus,
563,Carma,Renol,
564,Harlene,Clout,
565,Clerkclaude,McInulty,
566,Duane,Berrow,
567,Donica,Collop,
568,Muriel,Meugens,
569,Alexio,Ivison,
570,Jesselyn,Stibbs,
571,Avictor,Reinard,
572,Vinita,Henricsson,
573,Bernardina,Langstone,
574,Martelle,Koba,
575,Abran,Vedmore,
576,Mela,Spering,
577,Laurella,McCard,
578,Tallou,Cabena,
579,Terrel,Helstrom,
580,Jemima,Nisbith,
581,Starr,Liebermann,
582,Carmine,Cliff,
583,Layla,Ingall,
584,Janna,Merveille,
585,Grantham,Whitlock,
586,Zorah,Caudwell,
587,Sheffy,Moberley,
588,Cristina,Goly,
589,Tabina,De Mitris,
590,Marion,Edlestone,
591,Zaccaria,McClymond,
592,Afton,Brandenburg,
593,Leupold,Belham,
594,Averyl,Gillebert,
595,Ferdinande,Arkil,
596,Shay,Clive,
597,Charlene,Chazotte,
598,Laina,Henrys,
599,Tilly,Marchenko,
600,Morey,Mobbs,
601,Teador,Cano,
602,Jenni,Sheasby,
603,Krishna,Siemantel,
604,Danie,Dabourne,
605,Danica,Mathiot,
606,Lori,Pardy,
607,Allie,Skitch,
608,Emmie,Halton,
609,Lexy,Robker,
610,Jackqueline,Naisbitt,
611,Carrissa,Gyves,
612,Ronnica,McElroy,
613,Lorrie,McComb,
614,Kendall,Charnock,
615,Meridith,Trembath,
616,Lavina,Chidgey,
617,Sharon,Sargeant,
618,Adelind,Dewick,
619,Emilie,Towriss,
620,Ban,Pideon,
621,Bertie,Moral,
622,Angel,Seyers,
623,Findley,Perassi,
624,Sigmund,MacDonogh,
625,Raviv,Petch,
626,Arabella,Croston,
627,Coral,Board,
628,Geno,Guppy,
629,Kit,Stallybrass,
630,Ginelle,Dugall,
631,Hill,Frier,
632,Kim,Jayme,
633,Baryram,Brawley,
634,Patten,Sumpner,
635,Ninette,Langshaw,
636,Bobbie,Hattrick,
637,Carey,Lakenden,
638,Aubrey,Le Houx,
639,Dewitt,Allsworth,
640,Jody,Gilbride,
641,Kendell,Dennington,
642,Arlene,Mullard,
643,Esra,Lipprose,
644,Nikita,Starmer,
645,Benedict,Krzysztofiak,
646,Ly,Toffano,
647,Allyce,Griniov,
648,Homer,Barthelmes,
649,Emile,Coltart,
650,Rutger,Wattisham,
651,Breanne,Muston,
652,Harris,Sleightholm,
653,Jessa,Ollarenshaw,
654,Allayne,Towe,
655,Ronna,Jurgen,
656,Fancy,Abbati,
657,Zabrina,Lavallie,
658,Hettie,Wabersinke,
659,Dorie,Jephcott,
660,Kerwin,Bitten,
661,Dyana,Shawel,
662,Gino,Messingham,
663,Fremont,Patten,
664,Jess,Cockling,
665,Darnell,Gallico,
666,Elene,Sloyan,
667,Kimberley,Conaghy,
668,Jamison,McCrone,
669,Willetta,Lancashire,
670,Eden,Heggs,
671,Emory,Aubri,
672,Junie,Skynner,
673,Jordain,Cawdery,
674,Gale,Farley,
675,Cyndy,MacMenemy,
676,Hildegaard,Symson,
677,Anabal,Orleton,
678,Marius,Tedman,
679,Ervin,Bestiman,
680,Theodosia,Mumford,
681,Ardelia,Feron,
682,Willamina,Cassar,
683,Teddy,O'Hingerty,
684,Ambrosi,Toolan,
685,Scotty,Teale,
686,Kile,Madgett,
687,Perkin,Piquard,
688,Wendy,MacMakin,
689,Farlee,Gleder,
690,Ignatius,McSharry,
691,Roseline,Bousler,
692,Alex,Crowden,
693,Ardra,Hardwin,
694,Leonora,Omond,
695,Enos,Spavon,
696,Welby,Thomas,
697,Barth,Kilfoyle,
698,Drucill,Broe,
699,Aleda,Aslett,
700,Garrard,Tumbelty,
701,Benedicto,Kubik,
702,Pernell,Easby,
703,Olivette,Hintzer,
704,Lorry,Gather,
705,Mame,Colebrook,
706,Birk,Cadney,
707,Ruthie,McKenney,
708,Helen,Capinetti,
709,Ezequiel,Frodsham,
710,Roxie,Jury,
711,Horace,Corston,
712,Nessa,Preedy,
713,Archy,Ferroni,
714,Melodie,Doneld,
715,Joshia,Oseland,
716,Jonell,Tiron,
717,Martelle,Gimenez,
718,Hogan,Josey,
719,Davy,Maggi,
720,Arie,Claydon,
721,Godiva,Crauford,
722,Sibilla,Bentame,
723,Benedikt,Constanza,
724,Velvet,Borles,
725,Valma,Paschke,
726,Sib,Dalbey,
727,Andres,Matussov,
728,Sammy,Stout,
729,Randolf,Sneath,
730,Joletta,Halling,
731,Brendis,Whittingham,
732,Adolf,O'Hern,
733,Dion,Tydeman,
734,Wheeler,Zupa,
735,Kippy,Farmar,
736,Fidole,Heams,
737,Jemimah,Bartrop,
738,Ardelia,Buckbee,
739,Ellyn,Dettmar,
740,Quinton,Kilsby,
741,Pryce,Drains,
742,Breanne,Huxter,
743,Ciro,Moscrop,
744,Susanetta,Gheorghescu,
745,Cleopatra,De Avenell,
746,Dex,Aiers,
747,Burg,Perrygo,
748,Addy,Coveney,
749,Casandra,Malletratt,
750,Waldo,Garman,
751,Skipton,Kilkenny,
752,Hartley,Quirke,
753,Rey,Doylend,
754,Ermengarde,Tumilty,
755,Cory,Heelis,
756,Arney,Missenden,
757,Allison,Braywood,
758,Cherrita,Hauxwell,
759,Tabitha,Keat,
760,Tarrah,Karczinski,
761,Miltie,Petrovykh,
762,Haley,Abrahim,
763,Katharina,Siddon,
764,Hollyanne,Droghan,
765,Vin,Riseborough,
766,Duke,Elwood,
767,Shellysheldon,Hammersley,
768,Omero,Clunan,
769,Kincaid,Rossin,
770,Winfred,Woodson,
771,Zulema,Dobbin,
772,Bridget,Evensden,
773,Correy,Ebbage,
774,Joice,Beniesh,
775,Cedric,Vennart,
776,Jasmina,Bartos,
777,Roddy,Weir,
778,Hall,McGraffin,
779,Beulah,Wadly,
780,Emmie,Voden,
781,Kora,Di Ruggero,
782,Gloriane,Hobell,
783,Donovan,Hanhard,
784,Lidia,Helgass,
785,Rufe,Treker,
786,Gerladina,Emmanuele,
787,Woodie,Zealander,
788,Corinne,Roma,
789,Roderick,Stollman,
790,Langston,Flecknell,
791,Celine,Vanacci,
792,Jessey,Ogdahl,
793,Sean,Macklam,
794,Nicholle,O'Henecan,
795,Gary,Botright,
796,Birgitta,Stormes,
797,Robinett,Paladino,
798,Kala,Pashenkov,
799,Larina,Maciaszek,
800,Isabelita,Hullot,
801,Leonore,Kleinhaus,
802,Cornelia,Ghione,
803,Rudolph,Birtley,
804,Riley,Southwell,
805,Sephira,Josowitz,
806,Ardath,Trunkfield,
807,Bogart,Elfleet,
808,Heath,Calcut,
809,Tucker,Cordes,
810,Georgeanne,Pinner,
811,Vergil,Cheer,
812,Tymon,Huonic,
813,Whitney,Blowick,
814,Helen-elizabeth,Glowach,
815,Rollo,Lahy,
816,Davine,Morteo,
817,Ardyth,Beeby,
818,Beverlee,Licciardi,
819,Kimble,Horbath,
820,Bernetta,Frantzeni,
821,Shell,Breedy,
822,Vergil,Frenzl,
823,Rudolph,Ball,
824,Lorenza,Caccavale,
825,Farleigh,Alexandrou,
826,Wain,Brotheridge,
827,Sigismund,Ludlom,
828,Samuele,Readwing,
829,Doretta,Hirjak,
830,Alayne,Mollitt,
831,Prissie,Paulsson,
832,Isidora,Gunston,
833,Adelina,Maudlin,
834,Gaylene,Ormes,
835,Clevie,Matuszak,
836,Phaedra,Node,
837,Morena,Muckloe,
838,Christophorus,Gambie,
839,Margaret,De Hoogh,
840,Odille,Gilhool,
841,Brietta,Serridge,
842,Jasper,Wimpeney,
843,Gabriella,Garrattley,
844,Britta,Buckney,
845,Elysia,Stickings,
846,Astra,Firby,
847,Aline,Struther,
848,Xymenes,Tremblet,
849,Wells,Penburton,
850,Jeannette,Stanbro,
851,Emilia,Cowmeadow,
852,Stirling,Philipeau,
853,Dominic,Bagnold,
854,Guglielmo,Henriet,
855,Eleonore,Fone,
856,Bart,Spelwood,
857,Irv,Whittington,
858,Arin,Chantree,
859,Felix,Streeter,
860,Brandy,Currom,
861,Mohandas,Corradino,
862,Lambert,Ballinger,
863,Wilie,Syncke,
864,Rob,Marcinkus,
865,Janetta,Foulds,
866,Crysta,Sporle,
867,Alfy,Dumpleton,
868,Feodora,Downage,
869,Briana,Genge,
870,Klaus,Gherardi,
871,Margalit,Gooms,
872,Lilias,Yvon,
873,Pace,Uttridge,
874,Diana,Greatland,
875,Valera,Bezants,
876,Babette,Brodest,
877,Courtney,Jannex,
878,Marina,Clancy,
879,Angel,Pinard,
880,Gerry,Rawnsley,
881,Kelly,Robion,
882,Elisha,Haynes,
883,Bernice,Riseley,
884,Shawna,Bondar,
885,Atalanta,Martinuzzi,
886,Jeannine,Hebard,
887,Umeko,Karlmann,
888,Kriste,Featherstonhaugh,
889,Gus,Josskowitz,
890,Vic,Renon,
891,Di,Kondratyuk,
892,Maudie,Phythien,
893,Gianina,Taynton,
894,Laraine,Kuhlen,
895,Dorita,Joutapavicius,
896,Godard,Sheeres,
897,Koenraad,Ruger,
898,Kikelia,Rushton,
899,Taite,Ferrers,
900,Stephan,Saffe,
901,Norrie,Bartoloma,
902,Roderich,Tompkins,
903,Kattie,Domerc,
904,Mariejeanne,Schall,
905,Earvin,Pountain,
906,Alys,Vere,
907,Ilene,Ledwitch,
908,Esma,Grimolbie,
909,Raddy,Allan,
910,Ingelbert,Bosence,
911,Ermin,Guiden,
912,Cammy,Hofner,
913,Cristy,Gration,
914,Matty,Cyseley,
915,Andras,Swatman,
916,Gwenette,Plews,
917,Anita,Monger,
918,Patrice,Wiggington,
919,Ab,Satterfitt,
920,Janetta,Heis,
921,Johannah,Brunsden,
922,Court,Filov,
923,Gregorio,Field,
924,Trenna,McCraw,
925,Mariejeanne,Baudinelli,
926,Brandie,Maddigan,
927,Maribeth,Gheerhaert,
928,Antoine,Hughland,
929,Stanfield,Cook,
930,Stirling,Albury,
931,Francoise,Beniesh,
932,Phaidra,Kenwright,
933,Kevan,Fernan,
934,Leola,Grishankov,
935,Corliss,Bozward,
936,Uriel,Fennelow,
937,Auguste,Trathan,
938,Jada,Ryan,
939,Ebba,Pepper,
940,Ewart,Colpus,
941,Alis,Armour,
942,Dona,Dinneen,
943,Albie,Kimpton,
944,Ddene,O'Kynsillaghe,
945,Mattie,Pakenham,
946,Stephen,Dilgarno,
947,Aundrea,McRannell,
948,Dela,Aim,
949,Tate,Parke,
950,Jacquelyn,Seaborn,
951,Renaldo,Venmore,
952,Wynn,Summers,
953,Brittani,Currom,
954,Dru,Gowman,
955,Kirstin,Scrange,
956,Griffin,Maywood,
957,Giustina,Edland,
958,Micaela,Milligan,
959,Carla,Mellsop,
960,Charo,Rippen,
961,Doro,Clarke,
962,Editha,Goodbairn,
963,Adan,Dorney,
964,Violet,Jakaway,
965,Angelo,Middler,
966,Lorraine,Felgat,
967,Edi,Arrundale,
968,Antin,Sheehy,
969,Constantino,Britland,
970,Clement,Goddert.sf,
971,Alicia,Sutty,
972,Claire,Konzelmann,
973,Fina,Ganter,
974,Verina,Dorkins,
975,Etta,Maynell,
976,Josee,Maben,
977,Joleen,Hubback,
978,Carina,Dils,
979,Carlyn,Toulch,
980,Franky,Scrancher,
981,Laurice,Threadgold,
982,Tedd,Ferrieri,
983,Geri,Hillitt,
984,Tab,Moulin,
985,Marcus,Damarell,
986,Raphaela,Kulvear,
987,Janean,Boardman,
988,Arv,Rillstone,
989,Tobe,Esch,
990,Kalina,Enston,
991,Rubie,Saphir,
992,Erek,Prestidge,
993,Marisa,Fallawe,
994,Shayne,Van Waadenburg,
995,Trudi,Werndly,
996,Oriana,Mahony,
997,Maxie,Dodgson,
998,Putnam,Creffeild,
999,Carlynne,Vandrill,
1000,Ernesto,Wiggins,
